{"cameraMode":{"drawMode":0,"name":"Shaded","section":"Shading Mode"},"sceneLighting":true,"audioPlay":false,"sceneViewState":{"m_AlwaysRefresh":false,"showFog":true,"showSkybox":true,"showFlares":true,"showImageEffects":true,"showParticleSystems":true,"showVisualEffectGraphs":true,"m_FxEnabled":true},"in2DMode":false,"pivot":{"x":0.4516746997833252,"y":0.6466147303581238,"z":0.5685535669326782},"rotation":{"x":0.10227709263563156,"y":0.5791575312614441,"z":-0.07354874163866043,"w":0.805452287197113},"size":1.8073949813842774,"orthographic":false}